"[4.63, -91.97, 0.017, 1.0]","[4.34, -86.77, 0.017, 0.0]"
1894048193896
0.0,0.0,0.0,0.0,0.0
"[4.63, -91.97, 0.017, 1.0]","[4.34, -86.77, 0.017, 0.0]"
1894048193896
0.0008358768,0.0,0.0,0.0,0.0
"[4.63, -91.97, 0.017, 1.0]","[4.34, -86.77, 0.017, 0.0]"
1894048193896
0.0017077439,0.0,0.0,0.0,0.0
"[4.63, -91.97, 0.017, 1.0]","[4.34, -86.77, 0.017, 0.0]"
1894048193896
0.0026102464,0.0,0.0,0.0,0.0
"[4.63, -91.97, 0.017, 1.0]","[4.34, -86.77, 0.017, 0.0]"
1894048193896
0.003557446,4.5899963e-08,-6.9947865e-09,6.6726284e-07,-5.8790556e-07
"[4.63, -91.97, 0.017, 1.0]","[4.34, -86.77, 0.017, 0.0]"
1894048193896
0.004534566,8.3500794e-08,-1.2724851e-08,1.2138785e-06,-1.0695125e-06
"[4.63, -91.97, 0.017, 1.0]","[4.34, -86.77, 0.017, 0.0]"
1894048193896
0.0055533005,1.3337568e-07,-2.0325386e-08,1.938926e-06,-1.7083305e-06
"[4.63, -91.97, 0.017, 1.0]","[4.34, -86.77, 0.017, 0.0]"
1894048193896
0.006608386,2.1884708e-07,-3.3350542e-08,3.1814518e-06,-2.8030831e-06
"[4.63, -91.97, 0.017, 1.0]","[4.34, -86.77, 0.017, 0.0]"
1894048193896
0.007435832,2.1274438e-07,-3.2420537e-08,3.092735e-06,0.0002946824
"[4.63, -91.97, 0.017, 1.0]","[4.34, -86.77, 0.017, 0.0]"
1894048193896
0.008572558,2.8291177e-07,-4.3113484e-08,4.1127814e-06,0.00029378367
"[4.63, -91.97, 0.017, 1.0]","[4.34, -86.77, 0.017, 0.0]"
1894048193896
0.009325655,3.5763009e-07,-5.449996e-08,5.198986e-06,0.00078778
"[4.63, -91.97, 0.017, 1.0]","[4.34, -86.77, 0.017, 0.0]"
1894048193896
0.010542358,4.539402e-07,-6.917685e-08,6.5990776e-06,0.0007865464
"[4.63, -91.97, 0.017, 1.0]","[4.34, -86.77, 0.017, 0.0]"
1894048193896
0.011802544,5.6599583e-07,-8.625323e-08,8.228068e-06,0.0007851112
"[4.63, -91.97, 0.017, 1.0]","[4.34, -86.77, 0.017, 0.0]"
1894048193896
0.013086824,7.160314e-07,-1.0911745e-07,1.0409184e-05,0.00078318955
"[4.63, -91.97, 0.017, 1.0]","[4.34, -86.77, 0.017, 0.0]"
1894048193896
0.014072414,6.9812046e-07,-1.06387965e-07,1.0148807e-05,0.0011915149
"[4.63, -91.97, 0.017, 1.0]","[4.34, -86.77, 0.017, 0.0]"
1894048193896
0.015264063,8.4808056e-07,-1.2924069e-07,1.23288255e-05,0.0014046716
"[4.63, -91.97, 0.017, 1.0]","[4.34, -86.77, 0.017, 0.0]"
1894048193896
0.01651223,1.008255e-06,-1.5364998e-07,1.4657334e-05,0.0016293973
"[4.63, -91.97, 0.017, 1.0]","[4.34, -86.77, 0.017, 0.0]"
1894048193896
0.01788783,1.19645e-06,-1.8232939e-07,1.7393186e-05,0.001626987
"[4.63, -91.97, 0.017, 1.0]","[4.34, -86.77, 0.017, 0.0]"
1894048193896
0.019329518,1.4000015e-06,-2.13349e-07,2.0352281e-05,0.00162438
"[4.63, -91.97, 0.017, 1.0]","[4.34, -86.77, 0.017, 0.0]"
1894048193896
0.020791993,1.6631229e-06,-2.5344661e-07,2.4177365e-05,0.00162101
"[4.63, -91.97, 0.017, 1.0]","[4.34, -86.77, 0.017, 0.0]"
1894048193896
0.022130098,1.6492066e-06,-2.5132587e-07,2.3975059e-05,0.0019023119
"[4.63, -91.97, 0.017, 1.0]","[4.34, -86.77, 0.017, 0.0]"
1894048193896
0.023551468,1.9204526e-06,-2.9266158e-07,2.7918251e-05,0.001898838
"[4.63, -91.97, 0.017, 1.0]","[4.34, -86.77, 0.017, 0.0]"
1894048193896
0.025097748,2.2057045e-06,-3.361317e-07,3.206505e-05,0.0018951846
"[4.63, -91.97, 0.017, 1.0]","[4.34, -86.77, 0.017, 0.0]"
1894048193896
0.026688058,2.5139498e-06,-3.831058e-07,3.6546113e-05,0.0018912368
"[4.63, -91.97, 0.017, 1.0]","[4.34, -86.77, 0.017, 0.0]"
1894048193896
0.02782333,2.8539346e-06,-4.3491676e-07,0.00027022377,0.0022352894
"[4.63, -91.97, 0.017, 1.0]","[4.34, -86.77, 0.017, 0.0]"
1894048193896
0.029362293,3.2529335e-06,-4.95721e-07,0.00051727454,0.0022301795
"[4.63, -91.97, 0.017, 1.0]","[4.34, -86.77, 0.017, 0.0]"
1894048193896
0.030966166,3.3004549e-06,-5.029629e-07,0.00051796547,0.0022295709
"[4.63, -91.97, 0.017, 1.0]","[4.34, -86.77, 0.017, 0.0]"
1894048193896
0.032634597,3.7022114e-06,-5.6418736e-07,0.0005238069,0.0022244256
"[4.63, -91.97, 0.017, 1.0]","[4.34, -86.77, 0.017, 0.0]"
1894048193896
0.0341822,4.162155e-06,-6.342791e-07,0.0005304943,0.002218535
"[4.63, -91.97, 0.017, 1.0]","[4.34, -86.77, 0.017, 0.0]"
1894048193896
0.035822127,4.656718e-06,-7.096465e-07,0.00053768506,0.002212201
"[4.63, -91.97, 0.017, 1.0]","[4.34, -86.77, 0.017, 0.0]"
1894048193896
0.037406977,5.133201e-06,-7.8225867e-07,0.000544613,0.0026866395
"[4.63, -91.97, 0.017, 1.0]","[4.34, -86.77, 0.017, 0.0]"
1894048193896
0.039142612,5.691756e-06,-8.67378e-07,0.0005527342,0.0026794863
"[4.63, -91.97, 0.017, 1.0]","[4.34, -86.77, 0.017, 0.0]"
1894048193896
0.040583283,6.3389502e-06,-9.660052e-07,0.0009160917,0.002671198
"[4.63, -91.97, 0.017, 1.0]","[4.34, -86.77, 0.017, 0.0]"
1894048193896
0.042065848,6.5489485e-06,-9.980073e-07,0.0012921593,0.0026685088
"[4.63, -91.97, 0.017, 1.0]","[4.34, -86.77, 0.017, 0.0]"
1894048193896
0.043501303,7.2685866e-06,-1.1076744e-06,0.0013026259,0.0026592927
"[4.63, -91.97, 0.017, 1.0]","[4.34, -86.77, 0.017, 0.0]"
1894048193896
0.045320638,8.030678e-06,-1.223811e-06,0.0013137099,0.0026495329
"[4.63, -91.97, 0.017, 1.0]","[4.34, -86.77, 0.017, 0.0]"
1894048193896
0.046941604,8.904462e-06,-1.3569687e-06,0.0013264185,0.0026383428
"[4.63, -91.97, 0.017, 1.0]","[4.34, -86.77, 0.017, 0.0]"
1894048193896
0.048651863,9.729087e-06,-1.482635e-06,0.0013384119,0.0026277823
"[4.63, -91.97, 0.017, 1.0]","[4.34, -86.77, 0.017, 0.0]"
1894048193896
0.05012947,1.0629352e-05,-1.619828e-06,0.0013515056,0.002616253
"[4.63, -91.97, 0.017, 1.0]","[4.34, -86.77, 0.017, 0.0]"
1894048193896
0.051904242,1.0913561e-05,-1.6631392e-06,0.0013556392,0.0026126134
"[4.72, -93.19, 0.017, 1.0]","[4.43, -87.9, 0.017, 0.0]"
1894051926536
0.053292554,8.771174e-07,-1.3366565e-07,0.001209667,0.0035600176
"[4.72, -93.19, 0.017, 1.0]","[4.43, -87.9, 0.017, 0.0]"
1894051926536
0.055198915,9.3456117e-07,-1.4241964e-07,0.0012105023,0.003559282
"[4.72, -93.19, 0.017, 1.0]","[4.43, -87.9, 0.017, 0.0]"
1894051926536
0.057230316,1.0029804e-06,-1.5284617e-07,0.0012114975,0.003558406
"[4.72, -93.19, 0.017, 1.0]","[4.43, -87.9, 0.017, 0.0]"
1894051926536
0.058570664,1.0604256e-06,-1.6160037e-07,0.001212333,0.0045099584
"[4.72, -93.19, 0.017, 1.0]","[4.43, -87.9, 0.017, 0.0]"
1894051926536
0.059996955,1.1145502e-06,-1.698485e-07,0.0012131202,0.0045092655
"[4.72, -93.19, 0.017, 1.0]","[4.43, -87.9, 0.017, 0.0]"
1894051926536
0.061886538,1.2579817e-06,-1.9170633e-07,0.0019319047,0.004507429
"[4.72, -93.19, 0.017, 1.0]","[4.43, -87.9, 0.017, 0.0]"
1894051926536
0.063265584,1.4144472e-06,-2.1555041e-07,0.0019341814,0.004505426
"[4.72, -93.19, 0.017, 1.0]","[4.43, -87.9, 0.017, 0.0]"
1894051926536
0.06491268,1.6038491e-06,-2.4441377e-07,0.0019369376,0.004503001
"[4.72, -93.19, 0.017, 1.0]","[4.43, -87.9, 0.017, 0.0]"
1894051926536
0.06673904,1.8410556e-06,-2.8056212e-07,0.0019403892,0.0044999644
"[4.72, -93.19, 0.017, 1.0]","[4.43, -87.9, 0.017, 0.0]"
1894051926536
0.06859666,2.088082e-06,-3.18207e-07,0.0019439837,0.005785854
"[4.72, -93.19, 0.017, 1.0]","[4.43, -87.9, 0.017, 0.0]"
1894051926536
0.070538774,2.238135e-06,-3.4107384e-07,0.0019461672,0.0057839337
"[4.72, -93.19, 0.017, 1.0]","[4.43, -87.9, 0.017, 0.0]"
1894051926536
0.07291699,2.6304915e-06,-4.0086584e-07,0.0019518764,0.0057789125
"[4.72, -93.19, 0.017, 1.0]","[4.43, -87.9, 0.017, 0.0]"
1894051926536
0.07491982,3.060169e-06,-4.6634523e-07,0.0019581288,0.0057734135
"[4.72, -93.19, 0.017, 1.0]","[4.43, -87.9, 0.017, 0.0]"
1894051926536
0.07712265,3.5199369e-06,-5.364102e-07,0.0019648192,0.0071926005
"[4.72, -93.19, 0.017, 1.0]","[4.43, -87.9, 0.017, 0.0]"
1894051926536
0.07885188,3.9893634e-06,-6.07947e-07,0.00197165,0.0071865967
"[4.72, -93.19, 0.017, 1.0]","[4.43, -87.9, 0.017, 0.0]"
1894051926536
0.08031061,4.4944222e-06,-6.8491397e-07,0.001978999,0.008855622
"[4.72, -93.19, 0.017, 1.0]","[4.43, -87.9, 0.017, 0.0]"
1894051926536
0.082249045,5.100248e-06,-7.7723695e-07,0.0019878147,0.008847879
"[4.72, -93.19, 0.017, 1.0]","[4.43, -87.9, 0.017, 0.0]"
1894051926536
0.08424001,5.4881443e-06,-8.363492e-07,0.001993459,0.008842921
"[4.72, -93.19, 0.017, 1.0]","[4.43, -87.9, 0.017, 0.0]"
1894051926536
0.08607323,6.159173e-06,-9.3860865e-07,0.0020032234,0.010714312
"[4.72, -93.19, 0.017, 1.0]","[4.43, -87.9, 0.017, 0.0]"
1894051926536
0.08813084,7.090938e-06,-1.0806021e-06,0.0020167818,0.0107024135
"[4.72, -93.19, 0.017, 1.0]","[4.43, -87.9, 0.017, 0.0]"
1894051926536
0.09014997,8.203644e-06,-1.2501696e-06,0.002032973,0.010688204
"[4.72, -93.19, 0.017, 1.0]","[4.43, -87.9, 0.017, 0.0]"
1894051926536
0.092102274,9.43011e-06,-1.4370733e-06,0.0020508198,0.010672542
"[4.72, -93.19, 0.017, 1.0]","[4.43, -87.9, 0.017, 0.0]"
1894051926536
0.0941403,1.0451609e-05,-1.5927416e-06,0.002065684,0.01268108
"[4.72, -93.19, 0.017, 1.0]","[4.43, -87.9, 0.017, 0.0]"
1894051926536
0.09614738,1.129706e-05,-1.7215815e-06,0.0020779863,0.012670303
"[4.72, -93.19, 0.017, 1.0]","[4.43, -87.9, 0.017, 0.0]"
1894051926536
0.097837776,1.26828545e-05,-1.9327654e-06,0.0020981512,0.014773052
"[4.72, -93.19, 0.017, 1.0]","[4.43, -87.9, 0.017, 0.0]"
1894051926536
0.100278735,1.4469959e-05,-2.2051058e-06,0.002124156,0.014750322
"[4.72, -93.19, 0.017, 1.0]","[4.43, -87.9, 0.017, 0.0]"
1894051926536
0.101953395,1.6474442e-05,-2.5105728e-06,0.0021533237,0.014724828
"[4.72, -93.19, 0.017, 1.0]","[4.43, -87.9, 0.017, 0.0]"
1894051926536
0.10368959,1.8804003e-05,-2.8655793e-06,0.0044451347,0.017014341
"[4.72, -93.19, 0.017, 1.0]","[4.43, -87.9, 0.017, 0.0]"
1894051926536
0.10610379,2.0884167e-05,-3.1825796e-06,0.00447553,0.016987966
"[4.72, -93.19, 0.017, 1.0]","[4.43, -87.9, 0.017, 0.0]"
1894051926536
0.10841922,2.2821076e-05,-3.477749e-06,0.004503832,0.016963406
"[4.72, -93.19, 0.017, 1.0]","[4.43, -87.9, 0.017, 0.0]"
1894051926536
0.10992085,2.5885482e-05,-3.94474e-06,0.0045486093,0.01692455
"[4.72, -93.19, 0.017, 1.0]","[4.43, -87.9, 0.017, 0.0]"
1894051926536
0.111698836,2.949622e-05,-4.4949875e-06,0.0046013696,0.019696103
"[4.72, -93.19, 0.017, 1.0]","[4.43, -87.9, 0.017, 0.0]"
1894051926536
0.11421489,3.3662967e-05,-5.129966e-06,0.0046622544,0.019643458
"[4.72, -93.19, 0.017, 1.0]","[4.43, -87.9, 0.017, 0.0]"
1894051926536
0.11637362,3.7115085e-05,-5.6560416e-06,0.004712697,0.022213994
"[4.72, -93.19, 0.017, 1.0]","[4.43, -87.9, 0.017, 0.0]"
1894051926536
0.11835289,4.278536e-05,-6.5201457e-06,0.0047955513,0.022142787
"[4.72, -93.19, 0.017, 1.0]","[4.43, -87.9, 0.017, 0.0]"
1894051926536
0.12069642,4.6134744e-05,-7.0305655e-06,0.0048444928,0.02494069
"[4.72, -93.19, 0.017, 1.0]","[4.43, -87.9, 0.017, 0.0]"
1894051926536
0.12269726,5.1601604e-05,-7.86367e-06,0.004924375,0.02487242
"[4.72, -93.19, 0.017, 1.0]","[4.43, -87.9, 0.017, 0.0]"
1894051926536
0.12496872,5.853303e-05,-8.919965e-06,0.00836487,0.024785863
"[4.72, -93.19, 0.017, 1.0]","[4.43, -87.9, 0.017, 0.0]"
1894051926536
0.12687959,6.5615815e-05,-9.999325e-06,0.008469738,0.024697416
"[4.6, -91.33, 0.017, 1.0]","[4.32, -86.08, 0.017, 0.0]"
1894051968392
0.12692964,7.929651e-06,-1.2084153e-06,0.0076156342,0.025417782
"[4.6, -91.33, 0.017, 1.0]","[4.32, -86.08, 0.017, 0.0]"
1894051968392
0.12845539,8.382921e-06,-1.2774899e-06,0.01095,0.025412122
"[4.6, -91.33, 0.017, 1.0]","[4.32, -86.08, 0.017, 0.0]"
1894051968392
0.13063347,9.083754e-06,-1.3842913e-06,0.01096057,0.02540337
"[4.6, -91.33, 0.017, 1.0]","[4.32, -86.08, 0.017, 0.0]"
1894051968392
0.13269782,9.952185e-06,-1.5166332e-06,0.010973666,0.025392525
"[4.6, -91.33, 0.017, 1.0]","[4.32, -86.08, 0.017, 0.0]"
1894051968392
0.13423496,1.0855925e-05,-1.6543561e-06,0.010987295,0.02538124
"[4.6, -91.33, 0.017, 1.0]","[4.32, -86.08, 0.017, 0.0]"
1894051968392
0.13602775,1.2072097e-05,-1.8396909e-06,0.011005636,0.029099785
"[4.6, -91.33, 0.017, 1.0]","[4.32, -86.08, 0.017, 0.0]"
1894051968392
0.13831837,1.3916481e-05,-2.1207602e-06,0.011033451,0.029077124
"[4.6, -91.33, 0.017, 1.0]","[4.32, -86.08, 0.017, 0.0]"
1894051968392
0.13995196,1.5251319e-05,-2.324179e-06,0.011053581,0.029060723
"[4.6, -91.33, 0.017, 1.0]","[4.32, -86.08, 0.017, 0.0]"
1894051968392
0.14262892,1.7308626e-05,-2.637696e-06,0.011084607,0.029035447
"[4.6, -91.33, 0.017, 1.0]","[4.32, -86.08, 0.017, 0.0]"
1894051968392
0.14513455,2.0207004e-05,-3.0793856e-06,0.011128317,0.03253632
"[4.6, -91.33, 0.017, 1.0]","[4.32, -86.08, 0.017, 0.0]"
1894051968392
0.14695014,2.3853605e-05,-3.6350982e-06,0.01118331,0.032493226
"[4.6, -91.33, 0.017, 1.0]","[4.32, -86.08, 0.017, 0.0]"
1894051968392
0.14915465,2.772634e-05,-4.2252723e-06,0.0112417145,0.03244746
"[4.6, -91.33, 0.017, 1.0]","[4.32, -86.08, 0.017, 0.0]"
1894051968392
0.15187442,3.31317e-05,-5.0490053e-06,0.011323231,0.032383583
"[4.6, -91.33, 0.017, 1.0]","[4.32, -86.08, 0.017, 0.0]"
1894051968392
0.15472786,3.8751918e-05,-5.905482e-06,0.011407988,0.03231717
"[4.6, -91.33, 0.017, 1.0]","[4.32, -86.08, 0.017, 0.0]"
1894051968392
0.15730666,4.4860713e-05,-6.836413e-06,0.011500114,0.03224498
"[4.6, -91.33, 0.017, 1.0]","[4.32, -86.08, 0.017, 0.0]"
1894051968392
0.15965278,5.441904e-05,-8.2930255e-06,0.017719598,0.032132026
"[4.6, -91.33, 0.017, 1.0]","[4.32, -86.08, 0.017, 0.0]"
1894051968392
0.16282411,6.9108835e-05,-1.0531633e-05,0.017980708,0.031958435
"[4.6, -91.33, 0.017, 1.0]","[4.32, -86.08, 0.017, 0.0]"
1894051968392
0.1660985,8.3508574e-05,-1.2726038e-05,0.018236663,0.0362253
"[4.6, -91.33, 0.017, 1.0]","[4.32, -86.08, 0.017, 0.0]"
1894051968392
0.16915058,0.000104931445,-1.599071e-05,0.02388809,0.0359936
"[4.6, -91.33, 0.017, 1.0]","[4.32, -86.08, 0.017, 0.0]"
1894051968392
0.17296508,0.00012150749,-1.8516768e-05,0.024232207,0.035814315
"[4.6, -91.33, 0.017, 1.0]","[4.32, -86.08, 0.017, 0.0]"
1894051968392
0.17717743,0.00014441306,-2.2007393e-05,0.024707722,0.035566576
"[4.6, -91.33, 0.017, 1.0]","[4.32, -86.08, 0.017, 0.0]"
1894051968392
0.1837421,0.00018720857,-2.8529086e-05,0.025596147,0.03956359
"[4.6, -91.33, 0.017, 1.0]","[4.32, -86.08, 0.017, 0.0]"
1894051968392
0.19102915,0.00023825007,-3.6307403e-05,0.026655758,0.03909821
"[4.6, -91.33, 0.017, 1.0]","[4.32, -86.08, 0.017, 0.0]"
1894051968392
0.1970906,0.00028540535,-4.349349e-05,0.031577066,0.038668267
"[4.6, -91.33, 0.017, 1.0]","[4.32, -86.08, 0.017, 0.0]"
1894051968392
0.20849136,0.0003603306,-5.4911496e-05,0.0335496,0.037985124
"[4.6, -91.33, 0.017, 1.0]","[4.32, -86.08, 0.017, 0.0]"
1894051968392
0.22550526,0.0004823421,-7.350507e-05,0.036761753,0.03687267
"[4.6, -91.33, 0.017, 1.0]","[4.32, -86.08, 0.017, 0.0]"
1894051968392
0.2460753,0.0006269762,-9.5546144e-05,0.040569488,0.03555395
"[4.6, -91.33, 0.017, 1.0]","[4.32, -86.08, 0.017, 0.0]"
1894051968392
0.2749849,0.0008317103,-0.00012674599,0.054915167,0.03368726
"[4.6, -91.33, 0.017, 1.0]","[4.32, -86.08, 0.017, 0.0]"
1894051968392
0.30766898,0.0010538186,-0.00016059351,0.062390216,0.043612827
"[4.6, -91.33, 0.017, 1.0]","[4.32, -86.08, 0.017, 0.0]"
1894051968392
0.35272998,0.0013513962,-0.00020594195,0.072405174,0.04300623
"[4.6, -91.33, 0.017, 1.0]","[4.32, -86.08, 0.017, 0.0]"
1894051968392
0.3869475,0.0015770472,-0.00024032936,0.07999945,0.042546254
"[4.6, -91.33, 0.017, 1.0]","[4.32, -86.08, 0.017, 0.0]"
1894051968392
0.4527262,0.0019937523,-0.00030383188,0.09402363,0.041696824
"[4.6, -91.33, 0.017, 1.0]","[4.32, -86.08, 0.017, 0.0]"
1894051968392
0.5324897,0.0024663263,-0.00037584835,0.10992809,0.04073351
"[4.6, -91.33, 0.017, 1.0]","[4.32, -86.08, 0.017, 0.0]"
1894051968392
0.62330747,0.002982813,-0.0004545568,0.12731043,0.03968068
"[4.6, -91.33, 0.017, 1.0]","[4.32, -86.08, 0.017, 0.0]"
1894051968392
0.71630985,0.0035231085,0.035212044,0.14549404,0.06713294
"[4.6, -91.33, 0.017, 1.0]","[4.32, -86.08, 0.017, 0.0]"
1894051968392
0.86304957,0.0043335296,0.0418813,0.17276874,0.07087717
"[4.6, -91.33, 0.017, 1.0]","[4.32, -86.08, 0.017, 0.0]"
1894051968392
1.0346187,0.0052493,0.049417514,0.20358893,0.07510812
"[4.6, -91.33, 0.017, 1.0]","[4.32, -86.08, 0.017, 0.0]"
1894051968392
1.2395651,0.006308754,0.05813616,0.2392448,0.080002904
"[4.6, -91.33, 0.017, 1.0]","[4.32, -86.08, 0.017, 0.0]"
1894051968392
1.4652535,0.0073972163,0.06709353,0.34216326,0.0850317
"[4.67, -93.08, 0.017, 1.0]","[4.39, -87.91, 0.017, 0.0]"
1894052014344
0.22573031,8.764507e-05,0.006940336,0.036152564,0.051260754
"[4.67, -93.08, 0.017, 1.0]","[4.39, -87.91, 0.017, 0.0]"
1894052014344
0.22990689,9.278601e-05,0.006982643,0.03636779,0.051284507
"[4.67, -93.08, 0.017, 1.0]","[4.39, -87.91, 0.017, 0.0]"
1894052014344
0.2356651,0.00010686835,0.007098532,0.036957335,0.05134957
"[4.67, -93.08, 0.017, 1.0]","[4.39, -87.91, 0.017, 0.0]"
1894052014344
0.24570301,0.00014119114,0.007380988,0.038394243,0.051508144
"[4.67, -93.08, 0.017, 1.0]","[4.39, -87.91, 0.017, 0.0]"
1894052014344
0.25552917,0.00017194577,0.007634079,0.03968177,0.051650234
"[4.67, -93.08, 0.017, 1.0]","[4.39, -87.91, 0.017, 0.0]"
1894052014344
0.2657299,0.0002147787,0.007986571,0.04147496,0.05184813
"[4.67, -93.08, 0.017, 1.0]","[4.39, -87.91, 0.017, 0.0]"
1894052014344
0.2925293,0.00032960332,0.008931507,0.046282034,0.052378632
"[4.67, -93.08, 0.017, 1.0]","[4.39, -87.91, 0.017, 0.0]"
1894052014344
0.32913017,0.0004877387,0.010232866,0.052902296,0.053109236
"[4.67, -93.08, 0.017, 1.0]","[4.39, -87.91, 0.017, 0.0]"
1894052014344
0.3766469,0.0006903239,0.011900019,0.06138342,0.0540452
"[4.67, -93.08, 0.017, 1.0]","[4.39, -87.91, 0.017, 0.0]"
1894052014344
0.42573473,0.00091238203,0.013727402,0.084221944,0.055071127
"[4.67, -93.08, 0.017, 1.0]","[4.39, -87.91, 0.017, 0.0]"
1894052014344
0.4991823,0.0012181645,0.016243799,0.09958646,0.056483872
"[4.67, -93.08, 0.017, 1.0]","[4.39, -87.91, 0.017, 0.0]"
1894052014344
0.55166453,0.0014245671,0.017942518,0.119646624,0.05743757
"[4.67, -93.08, 0.017, 1.0]","[4.39, -87.91, 0.017, 0.0]"
1894052014344
0.6182469,0.0016814326,0.020056413,0.14357461,0.058624342
"[4.67, -93.08, 0.017, 1.0]","[4.39, -87.91, 0.017, 0.0]"
1894052014344
0.7374358,0.0021576462,0.02397538,0.1707731,0.060824536
"[4.67, -93.08, 0.017, 1.0]","[4.39, -87.91, 0.017, 0.0]"
1894052014344
0.8844357,0.0027338725,0.02871739,0.20368366,0.06348674
"[4.67, -93.08, 0.017, 1.0]","[4.39, -87.91, 0.017, 0.0]"
1894052014344
1.0519977,0.0033822826,0.03405346,0.26143688,0.0664825
"[4.67, -93.08, 0.017, 1.0]","[4.39, -87.91, 0.017, 0.0]"
1894052014344
1.131482,0.003762292,0.03718049,0.28498268,0.06823805
"[4.67, -93.08, 0.017, 1.0]","[4.39, -87.91, 0.017, 0.0]"
1894052014344
1.2623025,0.0042405045,0.041115835,0.35017386,0.07044741
"[4.67, -93.08, 0.017, 1.0]","[4.39, -87.91, 0.017, 0.0]"
1894052014344
1.4247442,0.0048193894,0.045880064,0.39041704,0.07312213
"[4.67, -93.08, 0.017, 1.0]","[4.39, -87.91, 0.017, 0.0]"
1894052014344
1.703682,0.061273266,0.05437465,0.5040016,0.077891104
"[4.67, -93.08, 0.017, 1.0]","[4.39, -87.91, 0.017, 0.0]"
1894052014344
2.010926,0.07184126,0.06363592,0.6326114,0.14793795
"[4.67, -93.08, 0.017, 1.0]","[4.39, -87.91, 0.017, 0.0]"
1894052014344
2.2385674,0.08022363,0.070981935,0.7055609,0.21430051
"[4.67, -93.08, 0.017, 1.0]","[4.39, -87.91, 0.017, 0.0]"
1894052014344
2.5512297,0.090909824,0.080346815,0.7985605,0.23634541
"[4.67, -93.08, 0.017, 1.0]","[4.39, -87.91, 0.017, 0.0]"
1894052014344
2.8467798,0.09996953,0.08828634,0.877405,0.25503495
"[4.67, -93.08, 0.017, 1.0]","[4.39, -87.91, 0.017, 0.0]"
1894052014344
3.1523712,0.10941087,0.09656024,0.99403125,0.27451178
"[4.67, -93.08, 0.017, 1.0]","[4.39, -87.91, 0.017, 0.0]"
1894052014344
3.7389948,0.12758589,0.11248795,1.1575501,0.3120056
"[4.67, -93.08, 0.017, 1.0]","[4.39, -87.91, 0.017, 0.0]"
1894052014344
4.37913,0.14711173,0.12959957,1.3332223,0.35228607
"[4.67, -93.08, 0.017, 1.0]","[4.39, -87.91, 0.017, 0.0]"
1894052014344
4.959697,0.16515842,0.14541465,1.495587,0.38951522
"[4.67, -93.08, 0.017, 1.0]","[4.39, -87.91, 0.017, 0.0]"
1894052014344
5.7975225,0.18969259,0.16691528,1.7163184,0.4401275
"[4.67, -93.08, 0.017, 1.0]","[4.39, -87.91, 0.017, 0.0]"
1894052014344
6.357521,0.20531058,0.18060252,1.8568323,0.47234645
"[4.67, -93.08, 0.017, 1.0]","[4.39, -87.91, 0.017, 0.0]"
1894052014344
7.0207434,0.22337085,0.19642965,2.0193186,0.5096035
"[4.67, -93.08, 0.017, 1.0]","[4.39, -87.91, 0.017, 0.0]"
1894052014344
7.9210005,0.24931692,0.4426205,2.2527537,0.56312865
"[4.67, -93.08, 0.017, 1.0]","[4.39, -87.91, 0.017, 0.0]"
1894052014344
8.807016,0.2748319,0.48777974,2.4823093,0.6157642
"[4.67, -93.08, 0.017, 1.0]","[4.39, -87.91, 0.017, 0.0]"
1894052014344
9.20076,0.28910804,0.5130476,2.610752,0.6452153
"[4.67, -93.08, 0.017, 1.0]","[4.39, -87.91, 0.017, 0.0]"
1894052014344
9.85004,0.30945662,0.5490619,2.7938218,0.687192
"[4.67, -93.08, 0.017, 1.0]","[4.39, -87.91, 0.017, 0.0]"
1894052014344
10.134055,0.6035957,0.56536645,2.8767018,0.70619583
"[4.67, -93.08, 0.017, 1.0]","[4.39, -87.91, 0.017, 0.0]"
1894052014344
10.325274,0.6170403,0.5779431,2.9406319,0.72085446
"[4.67, -93.08, 0.017, 1.0]","[4.39, -87.91, 0.017, 0.0]"
1894052014344
11.64734,0.68584806,0.64230835,3.2678165,1.1192504
"[4.67, -93.08, 0.017, 1.0]","[4.39, -87.91, 0.017, 0.0]"
1894052014344
12.859007,0.7493151,0.7016777,3.5696056,1.2183826
"[4.75, -93.59, 0.017, 1.0]","[4.45, -88.26, 0.017, 0.0]"
1894052052104
0.41998273,0.018964838,0.018481579,0.10525954,0.07761354
"[4.75, -93.59, 0.017, 1.0]","[4.45, -88.26, 0.017, 0.0]"
1894052052104
0.426108,0.019119317,0.018626083,0.10605863,0.08416437
"[4.75, -93.59, 0.017, 1.0]","[4.45, -88.26, 0.017, 0.0]"
1894052052104
0.4477762,0.02009048,0.019534543,0.11108236,0.09134
"[4.75, -93.59, 0.017, 1.0]","[4.45, -88.26, 0.017, 0.0]"
1894052052104
0.48802584,0.022319857,0.021619985,0.12261471,0.10106272
"[4.75, -93.59, 0.017, 1.0]","[4.45, -88.26, 0.017, 0.0]"
1894052052104
0.5653913,0.026406547,0.025442822,0.14375475,0.109514244
"[4.75, -93.59, 0.017, 1.0]","[4.45, -88.26, 0.017, 0.0]"
1894052052104
0.68439937,0.032544117,0.031184126,0.17550378,0.122207105
"[4.75, -93.59, 0.017, 1.0]","[4.45, -88.26, 0.017, 0.0]"
1894052052104
0.8135197,0.039609835,0.037793655,0.21205403,0.13681944
"[4.75, -93.59, 0.017, 1.0]","[4.45, -88.26, 0.017, 0.0]"
1894052052104
0.9040807,0.06460562,0.042130418,0.23603603,0.14640713
"[4.75, -93.59, 0.017, 1.0]","[4.45, -88.26, 0.017, 0.0]"
1894052052104
1.0352161,0.074317686,0.048374478,0.27056527,0.16021147
"[4.75, -93.59, 0.017, 1.0]","[4.45, -88.26, 0.017, 0.0]"
1894052052104
1.3037305,0.11809624,0.061355077,0.34234712,0.18890896
"[4.75, -93.59, 0.017, 1.0]","[4.45, -88.26, 0.017, 0.0]"
1894052052104
1.6515952,0.14969295,0.07762325,0.432309,0.22487459
"[4.75, -93.59, 0.017, 1.0]","[4.45, -88.26, 0.017, 0.0]"
1894052052104
1.9233581,0.17713234,0.13790877,0.51043415,0.25610805
"[4.75, -93.59, 0.017, 1.0]","[4.45, -88.26, 0.017, 0.0]"
1894052052104
2.31251,0.21354581,0.16609466,0.61411035,0.29755646
"[4.75, -93.59, 0.017, 1.0]","[4.45, -88.26, 0.017, 0.0]"
1894052052104
2.5787194,0.23681761,0.1841082,0.6803695,0.32404605
"[4.75, -93.59, 0.017, 1.0]","[4.45, -88.26, 0.017, 0.0]"
1894052052104
2.7906115,0.25717276,0.19986418,0.802927,0.34721577
"[4.75, -93.59, 0.017, 1.0]","[4.45, -88.26, 0.017, 0.0]"
1894052052104
3.2428052,0.30026972,0.23322338,0.9364373,0.39627177
"[4.75, -93.59, 0.017, 1.0]","[4.45, -88.26, 0.017, 0.0]"
1894052052104
3.8705015,0.356404,0.27667418,1.1103361,0.5308538
"[4.75, -93.59, 0.017, 1.0]","[4.45, -88.26, 0.017, 0.0]"
1894052052104
4.6525335,0.4239817,0.3289827,1.3196853,0.6210464
"[4.75, -93.59, 0.017, 1.0]","[4.45, -88.26, 0.017, 0.0]"
1894052052104
5.492879,0.4964728,0.38509452,1.6488779,0.75953496
"[4.75, -93.59, 0.017, 1.0]","[4.45, -88.26, 0.017, 0.0]"
1894052052104
5.7554636,0.52222055,0.40502453,1.7340646,0.7959254
"[4.75, -93.59, 0.017, 1.0]","[4.45, -88.26, 0.017, 0.0]"
1894052052104
6.3543935,0.5715723,0.44322526,1.8973458,0.9748245
"[4.75, -93.59, 0.017, 1.0]","[4.45, -88.26, 0.017, 0.0]"
1894052052104
7.281389,0.6527258,0.5060422,2.165844,1.2666833
"[4.75, -93.59, 0.017, 1.0]","[4.45, -88.26, 0.017, 0.0]"
1894052052104
8.518017,0.7546176,0.5849116,2.5029552,1.4558514
"[4.75, -93.59, 0.017, 1.0]","[4.45, -88.26, 0.017, 0.0]"
1894052052104
9.799812,0.86021364,0.6666483,2.852322,1.6518968
"[4.75, -93.59, 0.017, 1.0]","[4.45, -88.26, 0.017, 0.0]"
1894052052104
11.166186,0.9723253,0.7534284,3.2232456,1.8873609
"[4.75, -93.59, 0.017, 1.0]","[4.45, -88.26, 0.017, 0.0]"
1894052052104
12.10536,1.3116962,0.8093412,3.4622335,2.0547347
"[4.75, -93.59, 0.017, 1.0]","[4.45, -88.26, 0.017, 0.0]"
1894052052104
13.199729,1.5444546,0.87354594,3.7366636,2.2499144
"[4.75, -93.59, 0.017, 1.0]","[4.45, -88.26, 0.017, 0.0]"
1894052052104
15.0769005,1.7450099,0.9868887,4.221124,2.533862
"[4.75, -93.59, 0.017, 1.0]","[4.45, -88.26, 0.017, 0.0]"
1894052052104
17.06402,1.9558954,1.1060696,4.7305384,2.8324354
"[4.75, -93.59, 0.017, 1.0]","[4.45, -88.26, 0.017, 0.0]"
1894052052104
19.144773,2.4340577,1.6209338,5.2638855,3.1450357
"[4.75, -93.59, 0.017, 1.0]","[4.45, -88.26, 0.017, 0.0]"
1894052052104
21.593588,2.714935,1.8079779,5.870857,3.500788
"[4.75, -93.59, 0.017, 1.0]","[4.45, -88.26, 0.017, 0.0]"
1894052052104
24.240267,3.0148659,2.0077105,6.519002,3.880673
"[4.75, -93.59, 0.017, 1.0]","[4.45, -88.26, 0.017, 0.0]"
1894052052104
26.116167,3.2138958,2.1402502,6.9491024,4.1327596
"[4.75, -93.59, 0.017, 1.0]","[4.45, -88.26, 0.017, 0.0]"
1894052052104
28.064995,3.42033,2.2777207,7.3952036,4.394224
"[4.75, -93.59, 0.017, 1.0]","[4.45, -88.26, 0.017, 0.0]"
1894052052104
29.666147,3.6308408,2.4179058,7.8501134,4.6608515
"[4.75, -93.59, 0.017, 1.0]","[4.45, -88.26, 0.017, 0.0]"
1894052052104
32.68677,3.9678237,2.6423123,8.578328,5.087666
"[4.75, -93.59, 0.017, 1.0]","[4.45, -88.26, 0.017, 0.0]"
1894052052104
34.46149,4.196751,2.7947614,9.073035,5.3776197
"[4.75, -93.59, 0.017, 1.0]","[4.45, -88.26, 0.017, 0.0]"
1894052052104
37.606716,4.5471606,3.0281093,9.830266,5.8214397
"[4.75, -93.59, 0.017, 1.0]","[4.45, -88.26, 0.017, 0.0]"
1894052052104
39.7991,4.7758555,3.180404,10.324469,6.1110992
"[4.71, -93.09, 0.017, 1.0]","[4.43, -87.72, 0.017, 0.0]"
1894052089928
0.7202337,0.07443747,0.049594946,0.16478813,0.1563986
"[4.71, -93.09, 0.017, 1.0]","[4.43, -87.72, 0.017, 0.0]"
1894052089928
0.72939646,0.07503274,0.049991354,0.16607451,0.16959734
"[4.71, -93.09, 0.017, 1.0]","[4.43, -87.72, 0.017, 0.0]"
1894052089928
0.7819629,0.08045854,0.05360455,0.17779957,0.17738235
"[4.71, -93.09, 0.017, 1.0]","[4.43, -87.72, 0.017, 0.0]"
1894052089928
0.8301358,0.09925665,0.057063602,0.18902442,0.18483523
"[4.71, -93.09, 0.017, 1.0]","[4.43, -87.72, 0.017, 0.0]"
1894052089928
0.9576868,0.1276716,0.066533476,0.21975479,0.205239
"[4.71, -93.09, 0.017, 1.0]","[4.43, -87.72, 0.017, 0.0]"
1894052089928
1.2591528,0.17066972,0.089039564,0.2927885,0.25373062
"[4.71, -93.09, 0.017, 1.0]","[4.43, -87.72, 0.017, 0.0]"
1894052089928
1.6678022,0.2283153,0.11921242,0.39070156,0.31874108
"[4.71, -93.09, 0.017, 1.0]","[4.43, -87.72, 0.017, 0.0]"
1894052089928
2.1819882,0.3004116,0.15694909,0.5131597,0.40784082
"[4.71, -93.09, 0.017, 1.0]","[4.43, -87.72, 0.017, 0.0]"
1894052089928
2.8273308,0.38949087,0.20357497,0.6644639,0.5096582
"[4.71, -93.09, 0.017, 1.0]","[4.43, -87.72, 0.017, 0.0]"
1894052089928
3.5943582,0.4948562,0.3237557,0.8434306,0.6421344
"[4.71, -93.09, 0.017, 1.0]","[4.43, -87.72, 0.017, 0.0]"
1894052089928
4.062059,0.5566443,0.36422926,0.9483798,0.7276322
"[4.71, -93.09, 0.017, 1.0]","[4.43, -87.72, 0.017, 0.0]"
1894052089928
4.6652126,0.6356626,0.41598922,1.082595,0.8210164
"[4.71, -93.09, 0.017, 1.0]","[4.43, -87.72, 0.017, 0.0]"
1894052089928
5.862061,0.7953631,0.5205991,1.4599576,1.0097511
"[4.71, -93.09, 0.017, 1.0]","[4.43, -87.72, 0.017, 0.0]"
1894052089928
7.200203,0.9727962,0.6368244,1.7850095,1.219442
"[4.71, -93.09, 0.017, 1.0]","[4.43, -87.72, 0.017, 0.0]"
1894052089928
8.769922,1.1767536,0.77042425,2.1586533,1.4604796
"[4.71, -93.09, 0.017, 1.0]","[4.43, -87.72, 0.017, 0.0]"
1894052089928
10.250449,1.3766037,0.9013336,2.5247724,1.6966631
"[4.71, -93.09, 0.017, 1.0]","[4.43, -87.72, 0.017, 0.0]"
1894052089928
11.305721,1.5074221,0.9870246,2.764428,1.8512648
"[4.71, -93.09, 0.017, 1.0]","[4.43, -87.72, 0.017, 0.0]"
1894052089928
12.4785185,1.653951,1.0830065,3.032864,2.0244331
"[4.71, -93.09, 0.017, 1.0]","[4.43, -87.72, 0.017, 0.0]"
1894052089928
14.6162,1.9294758,1.2634854,3.5376167,2.350049
"[4.71, -93.09, 0.017, 1.0]","[4.43, -87.72, 0.017, 0.0]"
1894052089928
16.524645,2.187886,1.4327537,4.011016,2.655439
"[4.71, -93.09, 0.017, 1.0]","[4.43, -87.72, 0.017, 0.0]"
1894052089928
19.157478,2.5191474,1.6497422,4.617876,3.0469246
"[4.71, -93.09, 0.017, 1.0]","[4.43, -87.72, 0.017, 0.0]"
1894052089928
22.104958,2.8854342,2.2527862,5.2889023,3.4798036
"[4.71, -93.09, 0.017, 1.0]","[4.43, -87.72, 0.017, 0.0]"
1894052089928
25.241524,3.2729888,2.5554404,5.99889,3.9378166
"[4.71, -93.09, 0.017, 1.0]","[4.43, -87.72, 0.017, 0.0]"
1894052089928
27.42406,3.5239801,2.7514477,6.458698,4.234439
"[4.71, -93.09, 0.017, 1.0]","[4.43, -87.72, 0.017, 0.0]"
1894052089928
28.634653,3.6904836,2.881476,6.7637277,4.4312134
"[4.71, -93.09, 0.017, 1.0]","[4.43, -87.72, 0.017, 0.0]"
1894052089928
32.76555,4.1824045,3.2656333,7.6649113,5.012567
"[4.71, -93.09, 0.017, 1.0]","[4.43, -87.72, 0.017, 0.0]"
1894052089928
36.69753,4.6604776,3.6389763,8.540726,5.5775557
"[4.71, -93.09, 0.017, 1.0]","[4.43, -87.72, 0.017, 0.0]"
1894052089928
39.402744,5.0336576,4.499158,9.224378,6.0185795
"[4.71, -93.09, 0.017, 1.0]","[4.43, -87.72, 0.017, 0.0]"
1894052089928
42.85029,5.4775214,4.8959546,10.037522,6.543139
"[4.71, -93.09, 0.017, 1.0]","[4.43, -87.72, 0.017, 0.0]"
1894052089928
45.555,5.7890882,5.174483,10.608303,6.91135
"[4.71, -93.09, 0.017, 1.0]","[4.43, -87.72, 0.017, 0.0]"
1894052089928
48.367153,6.114805,5.4656587,11.205002,7.2962804
"[4.71, -93.09, 0.017, 1.0]","[4.43, -87.72, 0.017, 0.0]"
1894052089928
53.153942,6.691413,5.981123,12.261329,7.977717
"[4.71, -93.09, 0.017, 1.0]","[4.43, -87.72, 0.017, 0.0]"
1894052089928
59.21941,7.386152,6.602192,13.534069,8.798761
"[4.71, -93.09, 0.017, 1.0]","[4.43, -87.72, 0.017, 0.0]"
1894052089928
62.81772,7.86457,7.0298815,14.410522,9.3641615
"[4.71, -93.09, 0.017, 1.0]","[4.43, -87.72, 0.017, 0.0]"
1894052089928
69.20582,8.594778,7.6826587,15.74824,10.227123
"[4.71, -93.09, 0.017, 1.0]","[4.43, -87.72, 0.017, 0.0]"
1894052089928
73.16698,9.026933,8.068991,16.539942,10.737849
"[4.71, -93.09, 0.017, 1.0]","[4.43, -87.72, 0.017, 0.0]"
1894052089928
77.365204,9.482602,8.476344,17.37472,11.276365
"[4.71, -93.09, 0.017, 1.0]","[4.43, -87.72, 0.017, 0.0]"
1894052089928
82.15505,10.077757,9.008385,18.465015,11.979715
"[4.53, -90.29, 0.017, 1.0]","[4.25, -85.15, 0.017, 0.0]"
1894052164328
1.1490138,0.12751302,0.1132604,0.2364766,0.22048327
"[4.53, -90.29, 0.017, 1.0]","[4.25, -85.15, 0.017, 0.0]"
1894052164328
1.1656743,0.12868178,0.11430527,0.23861784,0.22186457
"[4.53, -90.29, 0.017, 1.0]","[4.25, -85.15, 0.017, 0.0]"
1894052164328
1.179997,0.12970519,0.115220204,0.24049276,0.22307408
"[4.53, -90.29, 0.017, 1.0]","[4.25, -85.15, 0.017, 0.0]"
1894052164328
1.3603561,0.17051457,0.13379554,0.27855873,0.24763043
"[4.53, -90.29, 0.017, 1.0]","[4.25, -85.15, 0.017, 0.0]"
1894052164328
1.7903249,0.25231498,0.17890754,0.37100554,0.3072679
"[4.53, -90.29, 0.017, 1.0]","[4.25, -85.15, 0.017, 0.0]"
1894052164328
2.4196672,0.3444724,0.2440982,0.50459903,0.393449
"[4.53, -90.29, 0.017, 1.0]","[4.25, -85.15, 0.017, 0.0]"
1894052164328
3.2211316,0.4624143,0.32752842,0.6755703,0.5037426
"[4.53, -90.29, 0.017, 1.0]","[4.25, -85.15, 0.017, 0.0]"
1894052164328
4.2704296,0.6136835,0.43453383,0.89485365,0.64520216
"[4.53, -90.29, 0.017, 1.0]","[4.25, -85.15, 0.017, 0.0]"
1894052164328
4.761697,0.68790776,0.48703882,1.0024508,0.7146131
"[4.53, -90.29, 0.017, 1.0]","[4.25, -85.15, 0.017, 0.0]"
1894052164328
5.5903764,0.80512124,0.5699538,1.172366,0.9093295
"[4.53, -90.29, 0.017, 1.0]","[4.25, -85.15, 0.017, 0.0]"
1894052164328
7.089512,1.0194644,0.72157663,1.4830828,1.222243
"[4.53, -90.29, 0.017, 1.0]","[4.25, -85.15, 0.017, 0.0]"
1894052164328
8.646752,1.2395717,0.877277,1.8021554,1.4708633
"[4.53, -90.29, 0.017, 1.0]","[4.25, -85.15, 0.017, 0.0]"
1894052164328
10.45368,1.4933951,1.0568275,2.1701035,1.7575675
"[4.53, -90.29, 0.017, 1.0]","[4.25, -85.15, 0.017, 0.0]"
1894052164328
12.49776,1.7798758,1.2594793,2.5853925,2.081159
"[4.53, -90.29, 0.017, 1.0]","[4.25, -85.15, 0.017, 0.0]"
1894052164328
14.907814,2.3145065,1.4943069,3.0666184,2.4561288
"[4.53, -90.29, 0.017, 1.0]","[4.25, -85.15, 0.017, 0.0]"
1894052164328
15.922662,2.477298,1.5993615,3.2819042,2.6238787
"[4.53, -90.29, 0.017, 1.0]","[4.25, -85.15, 0.017, 0.0]"
1894052164328
17.1258,2.6715562,1.7247224,3.538803,2.8240533
"[4.53, -90.29, 0.017, 1.0]","[4.25, -85.15, 0.017, 0.0]"
1894052164328
20.277767,3.1456144,2.0306473,4.1657267,3.31255
"[4.53, -90.29, 0.017, 1.0]","[4.25, -85.15, 0.017, 0.0]"
1894052164328
23.765242,3.6659307,2.3664238,4.853825,3.8793774
"[4.53, -90.29, 0.017, 1.0]","[4.25, -85.15, 0.017, 0.0]"
1894052164328
26.685493,4.1345,2.6688066,5.4734893,4.3655396
"[4.53, -90.29, 0.017, 1.0]","[4.25, -85.15, 0.017, 0.0]"
1894052164328
30.814947,4.744727,3.0626054,6.2804914,4.998678
"[4.53, -90.29, 0.017, 1.0]","[4.25, -85.15, 0.017, 0.0]"
1894052164328
33.082657,5.0740466,3.7493565,6.7160025,5.340362
"[4.53, -90.29, 0.017, 1.0]","[4.25, -85.15, 0.017, 0.0]"
1894052164328
35.79675,5.9072356,4.03655,7.2301326,5.7437277
"[4.53, -90.29, 0.017, 1.0]","[4.25, -85.15, 0.017, 0.0]"
1894052164328
40.66039,6.6842723,4.5673747,8.180412,6.4892745
"[4.53, -90.29, 0.017, 1.0]","[4.25, -85.15, 0.017, 0.0]"
1894052164328
46.51102,7.58629,5.183579,9.283536,7.3547378
"[4.53, -90.29, 0.017, 1.0]","[4.25, -85.15, 0.017, 0.0]"
1894052164328
52.18382,8.481429,5.795084,11.133922,8.313165
"[4.53, -90.29, 0.017, 1.0]","[4.25, -85.15, 0.017, 0.0]"
1894052164328
57.82682,9.378416,6.4078517,12.31079,9.969736
"[4.53, -90.29, 0.017, 1.0]","[4.25, -85.15, 0.017, 0.0]"
1894052164328
61.506817,9.919331,6.7773724,13.020482,10.540252
"[4.53, -90.29, 0.017, 1.0]","[4.25, -85.15, 0.017, 0.0]"
1894052164328
65.16439,10.472107,7.1549954,14.475022,11.123277
"[4.53, -90.29, 0.017, 1.0]","[4.25, -85.15, 0.017, 0.0]"
1894052164328
72.5401,11.582157,7.913315,16.008726,12.294072
"[4.53, -90.29, 0.017, 1.0]","[4.25, -85.15, 0.017, 0.0]"
1894052164328
80.14036,12.727536,8.695769,17.591244,13.5021305
"[4.53, -90.29, 0.017, 1.0]","[4.25, -85.15, 0.017, 0.0]"
1894052164328
85.92207,13.687823,9.35178,19.884054,14.514967
"[4.53, -90.29, 0.017, 1.0]","[4.25, -85.15, 0.017, 0.0]"
1894052164328
94.804405,14.999792,10.248038,21.789255,15.898731
"[4.53, -90.29, 0.017, 1.0]","[4.25, -85.15, 0.017, 0.0]"
1894052164328
100.4971,15.794517,10.790946,22.943329,16.736944
"[4.53, -90.29, 0.017, 1.0]","[4.25, -85.15, 0.017, 0.0]"
1894052164328
106.81045,16.667294,11.387175,24.21075,17.657482
"[4.53, -90.29, 0.017, 1.0]","[4.25, -85.15, 0.017, 0.0]"
1894052164328
117.71943,18.22345,12.450247,26.470554,19.298796
"[4.53, -90.29, 0.017, 1.0]","[4.25, -85.15, 0.017, 0.0]"
1894052164328
128.04932,19.723547,13.475022,28.648949,20.880983
"[4.53, -90.29, 0.017, 1.0]","[4.25, -85.15, 0.017, 0.0]"
1894052164328
139.16252,21.316683,14.563357,30.962454,22.5613
"[4.53, -90.29, 0.017, 1.0]","[4.25, -85.15, 0.017, 0.0]"
1894052164328
150.39871,22.929844,15.665372,33.305035,24.26274
"[4.53, -90.29, 0.017, 1.0]","[4.25, -85.15, 0.017, 0.0]"
1894052164328
158.13454,23.962402,16.370752,34.804485,25.351803
"[4.53, -90.23, 0.017, 1.0]","[4.26, -85.01, 0.017, 0.0]"
1894052198216
1.7911501,0.27345046,0.1730412,0.37254676,0.3435978
"[4.53, -90.23, 0.017, 1.0]","[4.26, -85.01, 0.017, 0.0]"
1894052198216
1.8096809,0.28373495,0.19676659,0.37508813,0.3454436
"[4.53, -90.23, 0.017, 1.0]","[4.26, -85.01, 0.017, 0.0]"
1894052198216
1.9063008,0.29829496,0.2069214,0.39419156,0.3593186
"[4.53, -90.23, 0.017, 1.0]","[4.26, -85.01, 0.017, 0.0]"
1894052198216
1.9977596,0.3123659,0.21673512,0.4126533,0.3727275
"[4.53, -90.23, 0.017, 1.0]","[4.26, -85.01, 0.017, 0.0]"
1894052198216
2.418898,0.37933236,0.26344064,0.5005165,0.4365433
"[4.53, -90.23, 0.017, 1.0]","[4.26, -85.01, 0.017, 0.0]"
1894052198216
3.3953695,0.53741926,0.37369776,0.7079339,0.628948
"[4.53, -90.23, 0.017, 1.0]","[4.26, -85.01, 0.017, 0.0]"
1894052198216
4.670226,0.74542475,0.56817806,0.9808469,0.8434986
"[4.53, -90.23, 0.017, 1.0]","[4.26, -85.01, 0.017, 0.0]"
1894052198216
6.3324566,1.012625,0.8016403,1.3314261,1.1696534
"[4.53, -90.23, 0.017, 1.0]","[4.26, -85.01, 0.017, 0.0]"
1894052198216
8.375593,1.3385354,1.0593734,1.759036,1.5218434
"[4.53, -90.23, 0.017, 1.0]","[4.26, -85.01, 0.017, 0.0]"
1894052198216
10.482817,1.6898888,1.337227,2.2200284,2.0147083
"[4.53, -90.23, 0.017, 1.0]","[4.26, -85.01, 0.017, 0.0]"
1894052198216
11.8502,1.9046998,1.5071015,2.5018704,2.3360777
"[4.53, -90.23, 0.017, 1.0]","[4.26, -85.01, 0.017, 0.0]"
1894052198216
13.449521,2.1625834,1.7110382,2.8402255,2.6422412
"[4.53, -90.23, 0.017, 1.0]","[4.26, -85.01, 0.017, 0.0]"
1894052198216
16.541655,2.8182197,2.275332,3.5116034,3.249743
"[4.53, -90.23, 0.017, 1.0]","[4.26, -85.01, 0.017, 0.0]"
1894052198216
20.526943,3.480325,2.8100402,4.3362293,3.9959123
"[4.53, -90.23, 0.017, 1.0]","[4.26, -85.01, 0.017, 0.0]"
1894052198216
24.846748,4.326976,3.391424,5.2328377,4.8072157
"[4.53, -90.23, 0.017, 1.0]","[4.26, -85.01, 0.017, 0.0]"
1894052198216
29.837257,5.1686993,4.051548,6.25088,5.8958406
"[4.53, -90.23, 0.017, 1.0]","[4.26, -85.01, 0.017, 0.0]"
1894052198216
32.616673,5.6265125,4.410589,6.804592,6.4116826
"[4.53, -90.23, 0.017, 1.0]","[4.26, -85.01, 0.017, 0.0]"
1894052198216
35.994698,6.1772103,4.842476,7.4706464,7.032183
"[4.53, -90.23, 0.017, 1.0]","[4.26, -85.01, 0.017, 0.0]"
1894052198216
42.552605,7.2616243,5.6929307,8.782216,8.25405
"[4.53, -90.23, 0.017, 1.0]","[4.26, -85.01, 0.017, 0.0]"
1894052198216
49.23339,8.380049,6.5700583,10.13492,9.514237
"[4.53, -90.23, 0.017, 1.0]","[4.26, -85.01, 0.017, 0.0]"
1894052198216
56.610203,9.601829,7.5282426,11.61263,10.890882
"[4.53, -90.23, 0.017, 1.0]","[4.26, -85.01, 0.017, 0.0]"
1894052198216
64.69596,10.926752,8.567317,13.215088,12.383742
"[4.53, -90.23, 0.017, 1.0]","[4.26, -85.01, 0.017, 0.0]"
1894052198216
69.16764,11.642685,9.12879,14.08099,13.190422
"[4.53, -90.23, 0.017, 1.0]","[4.26, -85.01, 0.017, 0.0]"
1894052198216
74.28586,12.457162,9.767546,15.066078,14.108136
"[4.53, -90.23, 0.017, 1.0]","[4.26, -85.01, 0.017, 0.0]"
1894052198216
84.495224,14.093023,11.050475,17.044607,16.642092
"[4.53, -90.23, 0.017, 1.0]","[4.26, -85.01, 0.017, 0.0]"
1894052198216
95.17287,15.798161,12.387734,19.106926,18.726555
"[4.53, -90.23, 0.017, 1.0]","[4.26, -85.01, 0.017, 0.0]"
1894052198216
106.15895,18.829401,13.770456,21.239357,20.808067
"[4.53, -90.23, 0.017, 1.0]","[4.26, -85.01, 0.017, 0.0]"
1894052198216
118.09667,20.856932,15.253372,23.526306,23.04041
"[4.53, -90.23, 0.017, 1.0]","[4.26, -85.01, 0.017, 0.0]"
1894052198216
130.84276,23.00567,16.824936,25.94997,25.4062
"[4.53, -90.23, 0.017, 1.0]","[4.26, -85.01, 0.017, 0.0]"
1894052198216
137.76215,24.148958,17.661125,27.239538,26.664978
"[4.53, -90.23, 0.017, 1.0]","[4.26, -85.01, 0.017, 0.0]"
1894052198216
146.80006,25.571209,18.701345,28.843763,28.230896
"[4.53, -90.23, 0.017, 1.0]","[4.26, -85.01, 0.017, 0.0]"
1894052198216
161.51413,28.011494,20.486145,31.596277,30.917686
"[4.53, -90.23, 0.017, 1.0]","[4.26, -85.01, 0.017, 0.0]"
1894052198216
174.05093,30.196053,22.08391,34.060345,33.32292
"[4.53, -90.23, 0.017, 1.0]","[4.26, -85.01, 0.017, 0.0]"
1894052198216
190.33737,32.850254,24.025166,37.054142,37.85803
"[4.53, -90.23, 0.017, 1.0]","[4.26, -85.01, 0.017, 0.0]"
1894052198216
206.36757,35.482487,25.950356,40.023163,40.885475
"[4.53, -90.23, 0.017, 1.0]","[4.26, -85.01, 0.017, 0.0]"
1894052198216
218.03578,37.23587,27.232761,42.00089,42.902115
"[4.53, -90.23, 0.017, 1.0]","[4.26, -85.01, 0.017, 0.0]"
1894052198216
227.29123,38.714725,28.31438,43.66896,44.60301
"[4.53, -90.23, 0.017, 1.0]","[4.26, -85.01, 0.017, 0.0]"
1894052198216
245.24571,41.619324,30.438776,46.945194,49.80967
"[4.6, -91.03, 0.017, 1.0]","[4.32, -85.73, 0.017, 0.0]"
1894052248040
2.572777,0.41724545,0.30399293,0.47140905,0.57450014
"[4.6, -91.03, 0.017, 1.0]","[4.32, -85.73, 0.017, 0.0]"
1894052248040
2.596937,0.41957423,0.3056962,0.47403583,0.57728297
"[4.6, -91.03, 0.017, 1.0]","[4.32, -85.73, 0.017, 0.0]"
1894052248040
2.6281888,0.42284572,0.30808893,0.47772583,0.5811923
"[4.6, -91.03, 0.017, 1.0]","[4.32, -85.73, 0.017, 0.0]"
1894052248040
3.154942,0.5366589,0.3707567,0.57437193,0.68358094
"[4.6, -91.03, 0.017, 1.0]","[4.32, -85.73, 0.017, 0.0]"
1894052248040
4.3663564,0.78254485,0.51921445,0.80332303,0.92613596
"[4.6, -91.03, 0.017, 1.0]","[4.32, -85.73, 0.017, 0.0]"
1894052248040
5.9861603,1.0852274,0.7207573,1.1141418,1.255423
"[4.6, -91.03, 0.017, 1.0]","[4.32, -85.73, 0.017, 0.0]"
1894052248040
8.226383,1.4932591,0.99244744,1.626924,1.699319
"[4.6, -91.03, 0.017, 1.0]","[4.32, -85.73, 0.017, 0.0]"
1894052248040
11.042261,2.0015783,1.3309147,2.1809123,2.252318
"[4.6, -91.03, 0.017, 1.0]","[4.32, -85.73, 0.017, 0.0]"
1894052248040
12.673727,2.2906504,1.5233948,2.6049788,2.566798
"[4.6, -91.03, 0.017, 1.0]","[4.32, -85.73, 0.017, 0.0]"
1894052248040
14.89809,2.683414,1.7849185,3.0517595,2.994084
"[4.6, -91.03, 0.017, 1.0]","[4.32, -85.73, 0.017, 0.0]"
1894052248040
19.08269,3.4365153,2.5016246,3.9084356,3.81338
"[4.6, -91.03, 0.017, 1.0]","[4.32, -85.73, 0.017, 0.0]"
1894052248040
23.775898,4.267896,3.1073425,4.854157,4.717836
"[4.6, -91.03, 0.017, 1.0]","[4.32, -85.73, 0.017, 0.0]"
1894052248040
29.018944,5.197493,3.7846172,5.9116015,5.7291403
"[4.6, -91.03, 0.017, 1.0]","[4.32, -85.73, 0.017, 0.0]"
1894052248040
34.836243,6.2280784,4.535469,7.0839243,6.8503103
"[4.6, -91.03, 0.017, 1.0]","[4.32, -85.73, 0.017, 0.0]"
1894052248040
38.221992,6.808961,4.9586816,7.744696,7.699996
"[4.6, -91.03, 0.017, 1.0]","[4.32, -85.73, 0.017, 0.0]"
1894052248040
41.581306,7.41821,5.4103622,8.437736,8.382066
"[4.6, -91.03, 0.017, 1.0]","[4.32, -85.73, 0.017, 0.0]"
1894052248040
48.634434,8.691352,6.339076,9.885974,9.807381
"[4.6, -91.03, 0.017, 1.0]","[4.32, -85.73, 0.017, 0.0]"
1894052248040
57.319817,10.197845,7.4380116,11.599656,11.493939
"[4.6, -91.03, 0.017, 1.0]","[4.32, -85.73, 0.017, 0.0]"
1894052248040
66.63118,11.813196,8.6382265,13.437167,13.302366
"[4.6, -91.03, 0.017, 1.0]","[4.32, -85.73, 0.017, 0.0]"
1894052248040
74.739044,13.312678,9.7345705,15.142874,15.16468
"[4.6, -91.03, 0.017, 1.0]","[4.32, -85.73, 0.017, 0.0]"
1894052248040
85.5711,15.178792,11.098977,17.265636,17.279095
"[4.6, -91.03, 0.017, 1.0]","[4.32, -85.73, 0.017, 0.0]"
1894052248040
90.10738,16.008568,11.705667,18.20953,18.219276
"[4.6, -91.03, 0.017, 1.0]","[4.32, -85.73, 0.017, 0.0]"
1894052248040
96.6543,17.12035,12.518544,19.474216,19.47899
"[4.6, -91.03, 0.017, 1.0]","[4.32, -85.73, 0.017, 0.0]"
1894052248040
110.17836,19.408123,14.191247,22.07663,22.071169
"[4.6, -91.03, 0.017, 1.0]","[4.32, -85.73, 0.017, 0.0]"
1894052248040
123.68078,21.722961,15.8837385,24.709831,24.694014
"[4.6, -91.03, 0.017, 1.0]","[4.32, -85.73, 0.017, 0.0]"
1894052248040
138.75816,24.265787,17.74292,29.00494,27.57518
"[4.6, -91.03, 0.017, 1.0]","[4.32, -85.73, 0.017, 0.0]"
1894052248040
154.81538,26.953894,19.708326,32.21815,30.62096
"[4.6, -91.03, 0.017, 1.0]","[4.32, -85.73, 0.017, 0.0]"
1894052248040
163.52983,28.38472,20.754473,33.92848,32.242165
"[4.6, -91.03, 0.017, 1.0]","[4.32, -85.73, 0.017, 0.0]"
1894052248040
173.89336,30.04761,21.970293,35.916203,34.126316
"[4.6, -91.03, 0.017, 1.0]","[4.32, -85.73, 0.017, 0.0]"
1894052248040
192.00366,33.076317,24.18473,39.536552,39.612194
"[4.6, -91.03, 0.017, 1.0]","[4.32, -85.73, 0.017, 0.0]"
1894052248040
212.06932,36.356796,26.583246,43.457848,43.533043
"[4.6, -91.03, 0.017, 1.0]","[4.32, -85.73, 0.017, 0.0]"
1894052248040
232.01105,39.651165,28.991922,47.395756,47.470497
"[4.6, -91.03, 0.017, 1.0]","[4.32, -85.73, 0.017, 0.0]"
1894052248040
253.40234,43.14227,31.544437,51.568817,51.64308
"[4.6, -91.03, 0.017, 1.0]","[4.32, -85.73, 0.017, 0.0]"
1894052248040
276.57568,46.86507,34.26636,56.018845,56.092598
"[4.6, -91.03, 0.017, 1.0]","[4.32, -85.73, 0.017, 0.0]"
1894052248040
288.61475,48.78029,35.66667,58.30819,58.38168
"[4.6, -91.03, 0.017, 1.0]","[4.32, -85.73, 0.017, 0.0]"
1894052248040
303.25378,51.036526,37.31632,61.005173,63.39787
"[4.6, -91.03, 0.017, 1.0]","[4.32, -85.73, 0.017, 0.0]"
1894052248040
329.02982,55.138874,40.315742,65.90889,71.42531
"[4.6, -91.03, 0.017, 1.0]","[4.32, -85.73, 0.017, 0.0]"
1894052248040
349.20978,58.59166,42.84024,70.03615,75.89309
"[4.57, -90.28, 0.017, 1.0]","[4.28, -84.95, 0.017, 0.0]"
1894052273288
3.4775774,0.5617127,0.41171825,0.67042977,0.82422286
"[4.57, -90.28, 0.017, 1.0]","[4.28, -84.95, 0.017, 0.0]"
1894052273288
3.516985,0.5655347,0.41451275,0.67499846,0.83680385
"[4.57, -90.28, 0.017, 1.0]","[4.28, -84.95, 0.017, 0.0]"
1894052273288
3.9066901,0.66650593,0.45987314,0.7491574,0.91980094
"[4.57, -90.28, 0.017, 1.0]","[4.28, -84.95, 0.017, 0.0]"
1894052273288
4.984081,0.85206825,0.58757615,0.957937,1.1534624
"[4.57, -90.28, 0.017, 1.0]","[4.28, -84.95, 0.017, 0.0]"
1894052273288
6.7703815,1.1612804,0.80037427,1.3058374,1.5428247
"[4.57, -90.28, 0.017, 1.0]","[4.28, -84.95, 0.017, 0.0]"
1894052273288
9.336316,1.601695,1.1034652,1.8013558,2.0973983
"[4.57, -90.28, 0.017, 1.0]","[4.28, -84.95, 0.017, 0.0]"
1894052273288
10.827396,1.8550885,1.2778492,2.0864537,2.4164734
"[4.57, -90.28, 0.017, 1.0]","[4.28, -84.95, 0.017, 0.0]"
1894052273288
13.172344,2.2511013,1.5503831,2.5320148,2.9151356
"[4.57, -90.28, 0.017, 1.0]","[4.28, -84.95, 0.017, 0.0]"
1894052273288
18.125772,3.0924437,2.1293905,3.4786248,3.9745607
"[4.57, -90.28, 0.017, 1.0]","[4.28, -84.95, 0.017, 0.0]"
1894052273288
23.555902,4.031854,3.0107899,4.535573,5.1574745
"[4.57, -90.28, 0.017, 1.0]","[4.28, -84.95, 0.017, 0.0]"
1894052273288
30.123009,5.145567,3.8421636,5.7886324,6.6133494
"[4.57, -90.28, 0.017, 1.0]","[4.28, -84.95, 0.017, 0.0]"
1894052273288
37.787037,6.4292207,4.800396,7.232895,8.24192
"[4.57, -90.28, 0.017, 1.0]","[4.28, -84.95, 0.017, 0.0]"
1894052273288
45.54349,7.769564,6.23505,9.136272,10.306697
"[4.57, -90.28, 0.017, 1.0]","[4.28, -84.95, 0.017, 0.0]"
1894052273288
49.49585,8.454487,6.784739,9.941689,11.207998
"[4.57, -90.28, 0.017, 1.0]","[4.28, -84.95, 0.017, 0.0]"
1894052273288
54.949112,9.36111,7.5123544,11.007808,12.4376
"[4.57, -90.28, 0.017, 1.0]","[4.28, -84.95, 0.017, 0.0]"
1894052273288
66.06921,11.7538185,9.004458,13.194075,15.413285
"[4.57, -90.28, 0.017, 1.0]","[4.28, -84.95, 0.017, 0.0]"
1894052273288
78.315605,14.661964,10.636477,15.585347,18.191832
"[4.57, -90.28, 0.017, 1.0]","[4.28, -84.95, 0.017, 0.0]"
1894052273288
91.83828,17.121716,12.420743,18.199694,21.22958
"[4.57, -90.28, 0.017, 1.0]","[4.28, -84.95, 0.017, 0.0]"
1894052273288
106.28746,19.748354,14.326066,20.991419,24.47343
"[4.57, -90.28, 0.017, 1.0]","[4.28, -84.95, 0.017, 0.0]"
1894052273288
114.30682,21.179066,15.363883,22.51205,26.96776
"[4.57, -90.28, 0.017, 1.0]","[4.28, -84.95, 0.017, 0.0]"
1894052273288
123.26184,22.774944,16.52151,24.208233,29.050089
"[4.57, -90.28, 0.017, 1.0]","[4.28, -84.95, 0.017, 0.0]"
1894052273288
141.42154,26.015287,18.872004,27.652231,33.17082
"[4.57, -90.28, 0.017, 1.0]","[4.28, -84.95, 0.017, 0.0]"
1894052273288
156.48004,28.914234,20.974855,30.733377,36.857395
"[4.57, -90.28, 0.017, 1.0]","[4.28, -84.95, 0.017, 0.0]"
1894052273288
173.84021,32.153973,23.324911,34.176735,40.97736
"[4.57, -90.28, 0.017, 1.0]","[4.28, -84.95, 0.017, 0.0]"
1894052273288
194.50772,36.408737,26.00943,38.110157,45.683678
"[4.57, -90.28, 0.017, 1.0]","[4.28, -84.95, 0.017, 0.0]"
1894052273288
206.28935,38.47604,27.486324,40.274136,48.272873
"[4.57, -90.28, 0.017, 1.0]","[4.28, -84.95, 0.017, 0.0]"
1894052273288
220.11841,40.859978,29.189426,42.76956,51.258636
"[4.57, -90.28, 0.017, 1.0]","[4.28, -84.95, 0.017, 0.0]"
1894052273288
243.65376,45.917946,32.228016,47.22177,56.58569
"[4.57, -90.28, 0.017, 1.0]","[4.28, -84.95, 0.017, 0.0]"
1894052273288
267.6981,50.3597,35.34577,51.789978,62.05153
"[4.57, -90.28, 0.017, 1.0]","[4.28, -84.95, 0.017, 0.0]"
1894052273288
295.60895,55.37179,38.863857,56.944763,70.62485
"[4.57, -90.28, 0.017, 1.0]","[4.28, -84.95, 0.017, 0.0]"
1894052273288
323.5629,62.64447,42.406345,62.1353,77.0548
"[4.57, -90.28, 0.017, 1.0]","[4.28, -84.95, 0.017, 0.0]"
1894052273288
338.5663,65.400986,44.272434,64.86954,80.95002
"[4.57, -90.28, 0.017, 1.0]","[4.28, -84.95, 0.017, 0.0]"
1894052273288
351.97263,67.993164,46.02726,67.44075,84.15524
"[4.57, -90.28, 0.017, 1.0]","[4.28, -84.95, 0.017, 0.0]"
1894052273288
383.20062,73.77173,49.939186,73.17259,91.56999
"[4.57, -90.28, 0.017, 1.0]","[4.28, -84.95, 0.017, 0.0]"
1894052273288
417.30792,79.97004,54.135258,79.32078,99.25661
"[4.57, -90.28, 0.017, 1.0]","[4.28, -84.95, 0.017, 0.0]"
1894052273288
446.43607,85.55089,57.91333,84.8565,106.1775
"[4.57, -90.28, 0.017, 1.0]","[4.28, -84.95, 0.017, 0.0]"
1894052273288
481.91772,92.00567,62.28303,95.72973,114.18216
"[4.57, -90.28, 0.017, 1.0]","[4.28, -84.95, 0.017, 0.0]"
1894052273288
488.06198,93.70338,63.43233,97.496216,116.28752
